question_id,correct_answer
Q1,A
Q2,B
Q3,C
Q4,D
Q5,A
Q6,B
Q7,C
Q8,D
Q9,A
Q10,B
Q11,C
Q12,D
Q13,A
Q14,B
Q15,C
Q16,D
Q17,A
Q18,B
Q19,C
Q20,D
Q21,A
Q22,B
Q23,C
Q24,D
Q25,A
Q26,B
Q27,C
Q28,D
Q29,A
Q30,B
Q31,C
Q32,D
Q33,A
Q34,B
Q35,C
Q36,D
Q37,A
Q38,B
Q39,C
Q40,D
Q41,A
Q42,B
Q43,C
Q44,D
Q45,A
Q46,B
Q47,C
Q48,D
Q49,A
Q50,B
Q51,C
Q52,D
Q53,A
Q54,B
Q55,C
Q56,D
Q57,A
Q58,B
Q59,C
Q60,D
Q61,A
Q62,B
Q63,C
Q64,D
Q65,A
Q66,B
Q67,C
Q68,D
Q69,A
Q70,B
Q71,C
Q72,D
Q73,A
Q74,B
Q75,C
Q76,D
Q77,A
Q78,B
Q79,C
Q80,D
Q81,A
Q82,B
Q83,C
Q84,D
Q85,A
Q86,B
Q87,C
Q88,D
Q89,A
Q90,B
Q91,C
Q92,D
Q93,A
Q94,B
Q95,C
Q96,D
Q97,A
Q98,B
Q99,C
Q100,D
